N Registro;IDInst;Instrumento_INF;Título_INF;Fondo;Año;Proyectos adjudicados;Monto adjudicado nominal;Monto real adjudicado;;
1;22;ANR;Aporte no reembolsable;FONTAR;2008; 328 ; $ 67,456,055 ; $ 67,456,055 ;;
2;22;ANR;Aporte no reembolsable;FONTAR;2009; 105 ; $ 21,520,896 ; $ 18,652,569 ;;
3;22;ANR;Aporte no reembolsable;FONTAR;2010; 308 ; $ 72,083,998 ; $ 51,669,773 ;;
4;22;ANR;Aporte no reembolsable;FONTAR;2011; 425 ; $ 124,371,884 ; $ 72,067,260 ;;
5;22;ANR;Aporte no reembolsable;FONTAR;2012; 375 ; $ 140,946,317 ; $ 66,771,362 ;;
6;22;ANR;Aporte no reembolsable;FONTAR;2013; 357 ; $ 156,331,488 ; $ 59,750,376 ;;
7;22;ANR;Aporte no reembolsable;FONTAR;2014; 314 ; $ 185,551,058 ; $ 50,553,666 ;;
8;22;ANR;Aporte no reembolsable;FONTAR;2015; 352 ; $ 345,870,075 ; $ 74,445,277 ;;
9;22;ANR;Aporte no reembolsable;FONTAR;2016; 456 ; $ 625,537,806 ; $ 95,409,378 ;;
10;1;ANR + AR;Aportes no reembolsables + Aportes reembolsables;FONTAR;2021; 9 ; $ 100,283,459 ; $ 2,652,835 ;;
11;4;ANR ASIS-TECi;ANR Asistencias Tecnológicas Individuales;FONTAR;2021; 2 ; $ 1,380,001 ; $ 36,506 ;;
12;5;ANR ASOC;ANR Asociativos;FONTAR;2021; 22 ; $ 490,714,148 ; $ 12,981,040 ;;
13;6;ANR Bio Nano TIC ;ANR Bio Nano TIC ;FONTAR;2014; 3 ; $ 1,536,050 ; $ 418,499 ;;
14;8;ANR Capacitación;ANR para Formación de RRHH;FONSOFT;2009; 3 ; $ 76,870 ; $ 66,625 ;;
15;8;ANR Capacitación;ANR para Formación de RRHH;FONSOFT;2010; 1 ; $ 17,680 ; $ 12,673 ;;
16;8;ANR Capacitación;ANR para Formación de RRHH;FONSOFT;2011; 3 ; $ 122,000 ; $ 70,693 ;;
17;8;ANR Capacitación;ANR para Formación de RRHH;FONSOFT;2012; 2 ; $ 100,000 ; $ 47,374 ;;
18;8;ANR Capacitación;ANR para Formación de RRHH;FONSOFT;2015; 3 ; $ 438,471 ; $ 94,377 ;;
19;8;ANR Capacitación;ANR para Formación de RRHH;FONSOFT;2017; 3 ; $ 1,143,654 ; $ 138,433 ;;
20;10;ANR EJ;ANR Empresa Joven;FONSOFT;2016; 12 ; $ 7,437,139 ; $ 1,134,340 ;;
21;10;ANR EJ;ANR Empresa Joven;FONSOFT;2017; 26 ; $ 12,953,847 ; $ 1,567,992 ;;
22;10;ANR EJ;ANR Empresa Joven;FONSOFT;2018; 29 ; $ 28,708,124 ; $ 2,446,575 ;;
23;10;ANR EJ;ANR Empresa Joven;FONSOFT;2019; 6 ; $ 4,896,090 ; $ 279,671 ;;
24;23;ANR Fonsoft;Aporte no reembolsable FONSOFT;FONSOFT;2008; 99 ; $ 8,529,197 ; $ 8,529,197 ;;
25;23;ANR Fonsoft;Aporte no reembolsable FONSOFT;FONSOFT;2009; 214 ; $ 25,443,865 ; $ 22,052,681 ;;
26;23;ANR Fonsoft;Aporte no reembolsable FONSOFT;FONSOFT;2010; 218 ; $ 28,636,490 ; $ 20,526,621 ;;
27;23;ANR Fonsoft;Aporte no reembolsable FONSOFT;FONSOFT;2011; 208 ; $ 33,499,027 ; $ 19,411,004 ;;
28;23;ANR Fonsoft;Aporte no reembolsable FONSOFT;FONSOFT;2012; 160 ; $ 32,458,345 ; $ 15,376,690 ;;
29;23;ANR Fonsoft;Aporte no reembolsable FONSOFT;FONSOFT;2013; 191 ; $ 46,533,620 ; $ 17,785,293 ;;
30;23;ANR Fonsoft;Aporte no reembolsable FONSOFT;FONSOFT;2014; 179 ; $ 54,132,922 ; $ 14,748,596 ;;
31;23;ANR Fonsoft;Aporte no reembolsable FONSOFT;FONSOFT;2015; 125 ; $ 50,107,357 ; $ 10,785,137 ;;
32;23;ANR Fonsoft;Aporte no reembolsable FONSOFT;FONSOFT;2016; 95 ; $ 67,261,837 ; $ 10,259,028 ;;
33;23;ANR Fonsoft;Aporte no reembolsable FONSOFT;FONSOFT;2017; 73 ; $ 75,498,270 ; $ 9,138,648 ;;
34;23;ANR Fonsoft;Aporte no reembolsable FONSOFT;FONSOFT;2018; 72 ; $ 106,065,523 ; $ 9,039,156 ;;
35;23;ANR Fonsoft;Aporte no reembolsable FONSOFT;FONSOFT;2019; 32 ; $ 55,483,767 ; $ 3,169,302 ;;
36;9;ANR Fonsoft CI;ANR Cooperación con Israel;FONSOFT;2010; 1 ; $ 164,025 ; $ 117,573 ;;
37;10;ANR EJ;ANR Empresa Joven;FONSOFT;2014; 10 ; $ 2,878,020 ; $ 784,121 ;;
38;10;ANR EJ;ANR Empresa Joven;FONSOFT;2015; 23 ; $ 7,763,996 ; $ 1,671,127 ;;
39;21;ANR Fonsoft TVD;ANR Fonsoft Televisión Digital;FONSOFT;2010; 7 ; $ 1,695,425 ; $ 1,215,280 ;;
40;18;ANR I+D;ANR Proyectos de I+D en Empresas;FONTAR;2008; 17 ; $ 6,157,638 ; $ 6,157,638 ;;
41;18;ANR I+D;ANR Proyectos de I+D en Empresas;FONTAR;2010; 11 ; $ 3,637,268 ; $ 2,607,192 ;;
42;18;ANR I+D;ANR Proyectos de I+D en Empresas;FONTAR;2017; 4 ; $ 17,911,252 ; $ 2,168,058 ;;
43;18;ANR I+D;ANR Proyectos de I+D en Empresas;FONTAR;2018; 1 ; $ 4,494,085 ; $ 382,997 ;;
44;12;ANR Iberokea;ANR Iberoeka para Cooperación Internacional;FONTAR;2008; 3 ; $ 944,428 ; $ 944,428 ;;
45;12;ANR Iberokea;ANR Iberoeka para Cooperación Internacional;FONTAR;2009; 6 ; $ 2,709,922 ; $ 2,348,741 ;;
46;12;ANR Iberokea;ANR Iberoeka para Cooperación Internacional;FONTAR;2010; 3 ; $ 926,817 ; $ 664,342 ;;
47;13;ANR INT;ANR Internacional;FONTAR;2017; 3 ; $ 6,393,566 ; $ 773,906 ;;
48;13;ANR INT;ANR Internacional;FONTAR;2018; 6 ; $ 20,169,124 ; $ 1,718,861 ;;
49;13;ANR INT;ANR Internacional;FONTAR;2019; 8 ; $ 30,068,158 ; $ 1,717,531 ;;
50;13;ANR INT;ANR Internacional;FONTAR;2020; 3 ; $ 13,545,374 ; $ 552,360 ;;
51;13;ANR INT;ANR Internacional;FONTAR;2021; 2 ; $ 9,592,225 ; $ 253,747 ;;
52;14;ANR Int Fonsoft;ANR Internacional Fonsoft;FONSOFT;2014; 1 ; $ 1,405,800 ; $ 383,012 ;;
53;14;ANR Int Fonsoft;ANR Internacional Fonsoft;FONSOFT;2015; 10 ; $ 13,818,273 ; $ 2,974,253 ;;
54;14;ANR Int Fonsoft;ANR Internacional Fonsoft;FONSOFT;2018; 4 ; $ 7,123,221 ; $ 607,058 ;;
55;16;ANR P+L;ANR Producción Limpia;FONTAR;2008; 40 ; $ 7,983,234 ; $ 7,983,234 ;;
56;16;ANR P+L;ANR Producción Limpia;FONTAR;2009; 9 ; $ 2,120,875 ; $ 1,838,203 ;;
57;16;ANR P+L;ANR Producción Limpia;FONTAR;2017; 7 ; $ 19,029,765 ; $ 2,303,448 ;;
58;16;ANR P+L;ANR Producción Limpia;FONTAR;2018; 10 ; $ 26,676,878 ; $ 2,273,467 ;;
59;15;ANR Patentes;ANR Patentes;FONTAR;2008; 3 ; $ 109,618 ; $ 109,618 ;;
60;15;ANR Patentes;ANR Patentes;FONTAR;2009; 9 ; $ 412,508 ; $ 357,529 ;;
61;15;ANR Patentes;ANR Patentes;FONTAR;2010; 13 ; $ 648,510 ; $ 464,852 ;;
62;15;ANR Patentes;ANR Patentes;FONTAR;2014; 14 ; $ 1,538,115 ; $ 419,062 ;;
63;15;ANR Patentes;ANR Patentes;FONTAR;2015; 8 ; $ 1,585,767 ; $ 341,321 ;;
64;15;ANR Patentes;ANR Patentes;FONTAR;2017; 11 ; $ 2,453,004 ; $ 296,923 ;;
65;15;ANR Patentes;ANR Patentes;FONTAR;2018; 11 ; $ 1,659,740 ; $ 141,447 ;;
66;15;ANR Patentes;ANR Patentes;FONTAR;2019; 4 ; $ 1,562,789 ; $ 89,268 ;;
67;17;ANR PDT;ANR Proyectos de Desarrollo Tecnológico;FONTAR;2017; 248 ; $ 513,078,101 ; $ 62,105,269 ;;
68;17;ANR PDT;ANR Proyectos de Desarrollo Tecnológico;FONTAR;2018; 318 ; $ 761,326,792 ; $ 64,882,082 ;;
69;17;ANR PDT;ANR Proyectos de Desarrollo Tecnológico;FONTAR;2019; 72 ; $ 222,078,219 ; $ 12,685,386 ;;
70;17;ANR PDT;ANR Proyectos de Desarrollo Tecnológico;FONTAR;2021; 72 ; $ 820,135,697 ; $ 21,695,348 ;;
71;19;ANR RRHH AC;ANR Recursos Humanos Altamente Capacitados;FONTAR;2018; 1 ; $ 848,250 ; $ 72,290 ;;
72;19;ANR RRHH AC;ANR Recursos Humanos Altamente Capacitados;FONTAR;2020; 1 ; $ 1,920,000 ; $ 78,295 ;;
73;19;ANR RRHH AC;ANR Recursos Humanos Altamente Capacitados;FONTAR;2021; 6 ; $ 31,862,164 ; $ 842,861 ;;
74;20;ANR Social;ANR Social;FONTAR;2017; 17 ; $ 35,369,495 ; $ 4,281,282 ;;
75;20;ANR Social;ANR Social;FONTAR;2018; 16 ; $ 60,462,003 ; $ 5,152,716 ;;
76;20;ANR Social;ANR Social;FONTAR;2019; 1 ; $ 4,709,962 ; $ 269,039 ;;
77;2;ANR TEC;ANR Plataformas tecnológicas Bio Nano TIC;FONTAR;2014; 24 ; $ 10,093,389 ; $ 2,749,959 ;;
78;2;ANR TEC;ANR Plataformas tecnológicas Bio Nano TIC;FONTAR;2015; 74 ; $ 38,640,734 ; $ 8,317,054 ;;
79;100;ANR TEC II;ANR Plataformas tecnológicas Bio Nano TIC;FONTAR;2017; 158 ; $ 292,066,361 ; $ 35,353,019 ;;
80;100;ANR TEC II;ANR Plataformas tecnológicas Bio Nano TIC;FONTAR;2018; 2 ; $ 4,980,472 ; $ 424,448 ;;
81;24;AR;Aportes reembolsables;FONTAR;2021; 6 ; $ 191,218,348 ; $ 5,058,369 ;;
82;25;ARAI;Aportes reembolsables a Instituciones;FONTAR;2008; 10 ; $ 29,304,670 ; $ 29,304,670 ;;
83;25;ARAI;Aportes reembolsables a Instituciones;FONTAR;2009; 4 ; $ 19,652,428 ; $ 17,033,133 ;;
84;25;ARAI;Aportes reembolsables a Instituciones;FONTAR;2010; 5 ; $ 17,217,344 ; $ 12,341,383 ;;
85;25;ARAI;Aportes reembolsables a Instituciones;FONTAR;2011; 9 ; $ 32,055,109 ; $ 18,574,326 ;;
86;25;ARAI;Aportes reembolsables a Instituciones;FONTAR;2014;; $ 2,900,000 ; $ 790,109 ;;
87;26;ARSET;Aportes reembolsables para Prestación y Consolidación de Servicios Tecnológicos;FONTAR;2013; 17 ; $ 184,352,598 ; $ 70,460,130 ;;
88;26;ARSET;Aportes reembolsables para Prestación y Consolidación de Servicios Tecnológicos;FONTAR;2014; 4 ; $ 33,000,299 ; $ 8,990,981 ;;
89;26;ARSET;Aportes reembolsables para Prestación y Consolidación de Servicios Tecnológicos;FONTAR;2015; 5 ; $ 46,677,517 ; $ 10,046,896 ;;
90;26;ARSET;Aportes reembolsables para Prestación y Consolidación de Servicios Tecnológicos;FONTAR;2016; 10 ; $ 155,773,324 ; $ 23,759,133 ;;
91;26;ARSET;Aportes reembolsables para Prestación y Consolidación de Servicios Tecnológicos;FONTAR;2017; 6 ; $ 90,828,936 ; $ 10,994,341 ;;
92;26;ARSET;Aportes reembolsables para Prestación y Consolidación de Servicios Tecnológicos;FONTAR;2018; 6 ; $ 196,362,892 ; $ 16,734,513 ;;
93;26;ARSET;Aportes reembolsables para Prestación y Consolidación de Servicios Tecnológicos;FONTAR;2019; 3 ; $ 193,764,506 ; $ 11,068,071 ;;
95;26;ARSET;Aportes reembolsables para Prestación y Consolidación de Servicios Tecnológicos;FONTAR;2021; 2 ; $ 99,008,618 ; $ 2,619,111 ;;
96;3;ANR ASIS-TECg;ANR Asistencias Tecnológicas Grupales;FONTAR;2017; 5 ; $ 2,035,699 ; $ 246,410 ;;
97;4;ANR ASIS-TECi;ANR Asistencias Tecnológicas Individuales;FONTAR;2017; 17 ; $ 2,319,197 ; $ 280,726 ;;
98;4;ANR ASIS-TECi;ANR Asistencias Tecnológicas Individuales;FONTAR;2018; 2 ; $ 240,808 ; $ 20,522 ;;
99;28;Becas JPT;Becas Jóvenes Profesionales TIC;FONSOFT;2013; 140 ; $ 7,000,000 ; $ 2,675,422 ;;
100;28;Becas JPT;Becas Jóvenes Profesionales TIC;FONSOFT;2014; 236 ; $ 15,460,000 ; $ 4,212,100 ;;
101;28;Becas JPT;Becas Jóvenes Profesionales TIC;FONSOFT;2015; 275 ; $ 22,230,000 ; $ 4,784,798 ;;
102;28;Becas JPT;Becas Jóvenes Profesionales TIC;FONSOFT;2016; 206 ; $ 17,500,000 ; $ 2,669,166 ;;
103;28;Becas JPT;Becas Jóvenes Profesionales TIC;FONSOFT;2017; 339 ; $ 47,405,000 ; $ 5,738,113 ;;
104;28;Becas JPT;Becas Jóvenes Profesionales TIC;FONSOFT;2018; 250 ; $ 40,000,000 ; $ 3,408,895 ;;
105;28;Becas JPT;Becas Jóvenes Profesionales TIC;FONSOFT;2019; 53 ; $ 8,480,000 ; $ 484,388 ;;
106;29;Becas TICs;Becas de grado TICs;FONARSEC;2009; 37 ; $ 20,000,000 ; $ 17,334,380 ;;
107;30;Becas TICs FONCyT;Becas TICs;FONCYT;2012; 44 ; $ 35,994,000 ; $ 17,051,658 ;;
108;37;CAE;Créditos a Empresas para Proyectos de Modernización;FONTAR;2008; 87 ; $ 106,963,708 ; $ 106,963,708 ;;
109;37;CAE;Créditos a Empresas para Proyectos de Modernización;FONTAR;2009; 5 ; $ 2,411,887 ; $ 2,090,428 ;;
110;37;CAE;Créditos a Empresas para Proyectos de Modernización;FONTAR;2011; 23 ; $ 28,515,998 ; $ 16,523,589 ;;
111;37;CAE;Créditos a Empresas para Proyectos de Modernización;FONTAR;2012; 17 ; $ 42,489,261 ; $ 20,128,698 ;;
112;37;CAE;Créditos a Empresas para Proyectos de Modernización;FONTAR;2013; 15 ; $ 46,131,649 ; $ 17,631,658 ;;
113;37;CAE;Créditos a Empresas para Proyectos de Modernización;FONTAR;2014; 6 ; $ 10,981,634 ; $ 2,991,963 ;;
114;37;CAE;Créditos a Empresas para Proyectos de Modernización;FONTAR;2015; 16 ; $ 56,178,925 ; $ 12,091,985 ;;
115;37;CAE;Créditos a Empresas para Proyectos de Modernización;FONTAR;2016; 12 ; $ 64,475,823 ; $ 9,834,095 ;;
116;37;CAE;Créditos a Empresas para Proyectos de Modernización;FONTAR;2017; 3 ; $ 13,027,897 ; $ 1,576,955 ;;
117;31;CEN-TEC;Centros de Desarrollo Tecnológico;FONTAR;2014; 6 ; $ 117,536,548 ; $ 32,023,010 ;;
118;31;CEN-TEC;Centros de Desarrollo Tecnológico;FONTAR;2015; 2 ; $ 33,403,111 ; $ 7,189,705 ;;
119;31;CEN-TEC;Centros de Desarrollo Tecnológico;FONTAR;2016; 1 ; $ 26,241,797 ; $ 4,002,498 ;;
120;31;CEN-TEC;Centros de Desarrollo Tecnológico;FONTAR;2018;; $ 18,835,386 ; $ 1,605,196 ;;
121;36;CF;Crédito Fiscal;FONTAR;2008; 145 ; $ 45,400,000 ; $ 45,400,000 ;;
122;36;CF;Crédito Fiscal;FONTAR;2009; 126 ; $ 40,000,000 ; $ 34,668,760 ;;
123;36;CF;Crédito Fiscal;FONTAR;2010; 122 ; $ 40,000,000 ; $ 28,671,980 ;;
124;34;CT;Consejerías Tecnológicas;FONTAR;2012; 7 ; $ 671,900 ; $ 318,303 ;;
125;34;CT;Consejerías Tecnológicas;FONTAR;2013; 21 ; $ 1,425,167 ; $ 544,703 ;;
126;34;CT;Consejerías Tecnológicas;FONTAR;2014; 5 ; $ 795,920 ; $ 216,850 ;;
127;34;CT;Consejerías Tecnológicas;FONTAR;2015; 11 ; $ 1,151,272 ; $ 247,800 ;;
128;38;CRE+CO;Créditos para Mejora de Competitividad;FONTAR;2012; 75 ; $ 259,739,333 ; $ 123,047,904 ;;
129;38;CRE+CO;Créditos para Mejora de Competitividad;FONTAR;2013; 88 ; $ 352,571,196 ; $ 134,753,796 ;;
130;38;CRE+CO;Créditos para Mejora de Competitividad;FONTAR;2014; 28 ; $ 103,135,155 ; $ 28,099,329 ;;
131;38;CRE+CO;Créditos para Mejora de Competitividad;FONTAR;2015; 4 ; $ 19,667,072 ; $ 4,233,152 ;;
132;35;CE;Crédito exporta;FONSOFT;2008; 2 ; $ 367,520 ; $ 367,520 ;;
133;35;CE;Crédito exporta;FONSOFT;2009; 8 ; $ 1,807,601 ; $ 1,566,682 ;;
134;35;CE;Crédito exporta;FONSOFT;2010; 2 ; $ 599,735 ; $ 429,890 ;;
135;35;CE;Crédito exporta;FONSOFT;2011; 1 ; $ 300,000 ; $ 173,835 ;;
136;35;CE;Crédito exporta;FONSOFT;2012; 1 ; $ 158,780 ; $ 75,220 ;;
137;35;CE;Crédito exporta;FONSOFT;2013; 1 ; $ 258,790 ; $ 98,910 ;;
138;35;CE;Crédito exporta;FONSOFT;2014; 3 ; $ 1,775,133 ; $ 483,638 ;;
139;35;CE;Crédito exporta;FONSOFT;2015; 3 ; $ 6,554,881 ; $ 1,410,876 ;;
140;35;CE;Crédito exporta;FONSOFT;2016; 4 ; $ 11,260,508 ; $ 1,717,495 ;;
141;35;CE;Crédito exporta;FONSOFT;2017; 4 ; $ 9,712,482 ; $ 1,175,642 ;;
142;35;CE;Crédito exporta;FONSOFT;2018; 3 ; $ 5,397,800 ; $ 460,013 ;;
143;35;CE;Crédito exporta;FONSOFT;2019; 1 ; $ 2,496,000 ; $ 142,575 ;;
144;36;CF;Crédito Fiscal;FONTAR;2011; 70 ; $ 40,000,000 ; $ 23,177,991 ;;
145;36;CF;Crédito Fiscal;FONTAR;2012; 80 ; $ 59,840,802 ; $ 28,348,750 ;;
146;36;CF;Crédito Fiscal;FONTAR;2013; 87 ; $ 73,064,334 ; $ 27,925,413 ;;
147;36;CF;Crédito Fiscal;FONTAR;2014; 55 ; $ 52,752,751 ; $ 14,372,567 ;;
148;36;CF;Crédito Fiscal;FONTAR;2015; 70 ; $ 100,452,721 ; $ 21,621,502 ;;
149;36;CF;Crédito Fiscal;FONTAR;2016; 85 ; $ 166,858,832 ; $ 25,449,936 ;;
150;36;CF;Crédito Fiscal;FONTAR;2017; 103 ; $ 218,279,190 ; $ 26,421,490 ;;
151;36;CF;Crédito Fiscal;FONTAR;2018; 1 ; $ 2,934,465 ; $ 250,082 ;;
152;40;D-TEC;Doctores en Universidades para Transferencia Tecnológica;Presidencia;2014; 22 ; $ 18,551,847 ; $ 5,054,479 ;;
153;40;D-TEC;Doctores en Universidades para Transferencia Tecnológica;Presidencia;2015;; $ 233,014 ; $ 50,154 ;;
154;40;D-TEC;Doctores en Universidades para Transferencia Tecnológica;Presidencia;2016;; $ 176,564 ; $ 26,930 ;;
155;42;EBT COVID-19;Empresas de Base Tecnológica COVID-19;FONARSEC;2021; 1 ; $ 24,187,295 ; $ 639,835 ;;
156;41;Emprendedores Fonsoft;Emprendedores Fonsoft;FONSOFT;2008; 120 ; $ 8,590,858 ; $ 8,590,858 ;;
157;41;Emprendedores Fonsoft;Emprendedores Fonsoft;FONSOFT;2009; 74 ; $ 7,092,932 ; $ 6,147,579 ;;
158;41;Emprendedores Fonsoft;Emprendedores Fonsoft;FONSOFT;2010; 202 ; $ 21,563,631 ; $ 15,456,800 ;;
159;41;Emprendedores Fonsoft;Emprendedores Fonsoft;FONSOFT;2011; 202 ; $ 25,011,810 ; $ 14,493,088 ;;
160;41;Emprendedores Fonsoft;Emprendedores Fonsoft;FONSOFT;2012; 96 ; $ 13,114,252 ; $ 6,212,695 ;;
161;41;Emprendedores Fonsoft;Emprendedores Fonsoft;FONSOFT;2013; 114 ; $ 19,343,438 ; $ 7,393,122 ;;
162;41;Emprendedores Fonsoft;Emprendedores Fonsoft;FONSOFT;2014; 122 ; $ 23,592,624 ; $ 6,427,846 ;;
163;41;Emprendedores Fonsoft;Emprendedores Fonsoft;FONSOFT;2015; 201 ; $ 84,491,094 ; $ 18,185,912 ;;
164;41;Emprendedores Fonsoft;Emprendedores Fonsoft;FONSOFT;2016; 121 ; $ 55,416,228 ; $ 8,452,291 ;;
165;41;Emprendedores Fonsoft;Emprendedores Fonsoft;FONSOFT;2017; 110 ; $ 49,329,577 ; $ 5,971,073 ;;
166;41;Emprendedores Fonsoft;Emprendedores Fonsoft;FONSOFT;2018; 65 ; $ 34,186,982 ; $ 2,913,496 ;;
167;41;Emprendedores Fonsoft;Emprendedores Fonsoft;FONSOFT;2019; 6 ; $ 3,043,319 ; $ 173,838 ;;
168;43;EBT 2.0;Empresas de Base Tecnológica 2.0 ;FONARSEC;2018; 26 ; $ 93,225,243 ; $ 7,944,877 ;;
169;44;EMPRETECNO PAEBT ;Programa de impulso a las Empresas de Base Tecnológica;FONARSEC;2011; 27 ; $ 50,047,382 ; $ 28,999,944 ;;
170;44;EMPRETECNO PAEBT ;Programa de impulso a las Empresas de Base Tecnológica;FONARSEC;2012; 6 ; $ 12,656,175 ; $ 5,995,687 ;;
171;44;EMPRETECNO PAEBT ;Programa de impulso a las Empresas de Base Tecnológica;FONARSEC;2013; 39 ; $ 87,764,396 ; $ 33,543,822 ;;
172;44;EMPRETECNO PAEBT ;Programa de impulso a las Empresas de Base Tecnológica;FONARSEC;2014; 24 ; $ 60,147,322 ; $ 16,387,229 ;;
173;44;EMPRETECNO PAEBT ;Programa de impulso a las Empresas de Base Tecnológica;FONARSEC;2015;; $ 4,429,913 ; $ 953,497 ;;
174;44;EMPRETECNO PAEBT ;Programa de impulso a las Empresas de Base Tecnológica;FONARSEC;2017; 16 ; $ 76,696,965 ; $ 9,283,744 ;;
175;44;EMPRETECNO PAEBT ;Programa de impulso a las Empresas de Base Tecnológica;FONARSEC;2018;; $ 2,612,526 ; $ 222,646 ;;
176;45;VACUNAS AR Ensayos in vivo;Ensayos in vivo de vacunas;FONARSEC;2021; 4 ; $ 240,000,000 ; $ 6,348,807 ;;
177;63;IP-COVID 19 FByB;IP-COVID 19 Fundación Bunge y Born;FONCYT;2020; 8 ; $ 16,559,907 ; $ 675,288 ;;
178;11;FINSET;Financiamiento fortalecimiento de capacidades para Servicios Tecnológicos (ANR?);FONTAR;2013; 15 ; $ 75,178,894 ; $ 28,733,605 ;;
179;11;FINSET;Financiamiento fortalecimiento de capacidades para Servicios Tecnológicos (ANR?);FONTAR;2014; 24 ; $ 113,383,147 ; $ 30,891,410 ;;
180;11;FINSET;Financiamiento fortalecimiento de capacidades para Servicios Tecnológicos (ANR?);FONTAR;2015; 23 ; $ 207,503,989 ; $ 44,663,280 ;;
181;11;FINSET;Financiamiento fortalecimiento de capacidades para Servicios Tecnológicos (ANR?);FONTAR;2016; 22 ; $ 223,863,123 ; $ 34,144,445 ;;
182;11;FINSET;Financiamiento fortalecimiento de capacidades para Servicios Tecnológicos (ANR?);FONTAR;2017;; $ 31,086,409 ; $ 3,762,838 ;;
183;58;FIT COVID;Fortalecimiento de Innovación Tecnológica COVID;FONTAR;2020; 3 ; $ 38,616,294 ; $ 1,574,715 ;;
184;57;FIT-AP;Fortalecimiento de Innovación Tecnológica Aglomerados Productivos;FONTAR;2011; 1 ; $ 3,425,693 ; $ 1,985,017 ;;
185;57;FIT-AP;Fortalecimiento de Innovación Tecnológica Aglomerados Productivos;FONTAR;2012; 4 ; $ 29,923,316 ; $ 14,175,756 ;;
186;57;FIT-AP;Fortalecimiento de Innovación Tecnológica Aglomerados Productivos;FONTAR;2013; 6 ; $ 116,408,237 ; $ 44,491,586 ;;
187;57;FIT-AP;Fortalecimiento de Innovación Tecnológica Aglomerados Productivos;FONTAR;2015; 2 ; $ 42,659,918 ; $ 9,182,146 ;;
188;57;FIT-AP;Fortalecimiento de Innovación Tecnológica Aglomerados Productivos;FONTAR;2016; 2 ; $ 62,704,809 ; $ 9,563,973 ;;
189;57;FIT-AP;Fortalecimiento de Innovación Tecnológica Aglomerados Productivos;FONTAR;2018; 2 ; $ 106,509,564 ; $ 9,076,999 ;;
190;57;FIT-AP;Fortalecimiento de Innovación Tecnológica Aglomerados Productivos;FONTAR;2019; 2 ; $ 91,239,920 ; $ 5,211,738 ;;
191;59;FIT-PDP;Fortalecimiento de Innovación Tecnológica Desarrollo de Proveedores;FONTAR;2011; 1 ; $ 4,299,300 ; $ 2,491,228 ;;
192;59;FIT-PDP;Fortalecimiento de Innovación Tecnológica Desarrollo de Proveedores;FONTAR;2012; 3 ; $ 10,855,721 ; $ 5,142,747 ;;
193;59;FIT-PDP;Fortalecimiento de Innovación Tecnológica Desarrollo de Proveedores;FONTAR;2013; 6 ; $ 11,794,242 ; $ 4,507,796 ;;
194;59;FIT-PDP;Fortalecimiento de Innovación Tecnológica Desarrollo de Proveedores;FONTAR;2014; 7 ; $ 30,168,570 ; $ 8,219,473 ;;
195;59;FIT-PDP;Fortalecimiento de Innovación Tecnológica Desarrollo de Proveedores;FONTAR;2015; 1 ; $ 2,663,044 ; $ 573,195 ;;
196;59;FIT-PDP;Fortalecimiento de Innovación Tecnológica Desarrollo de Proveedores;FONTAR;2016; 2 ; $ 9,070,255 ; $ 1,383,429 ;;
197;59;FIT-PDP;Fortalecimiento de Innovación Tecnológica Desarrollo de Proveedores;FONTAR;2017; 1 ; $ 6,170,121 ; $ 746,859 ;;
198;59;FIT-PDP;Fortalecimiento de Innovación Tecnológica Desarrollo de Proveedores;FONTAR;2018; 2 ; $ 16,291,737 ; $ 1,388,421 ;;
199;48;FITR;Fondo de Innovación Tecnológica Regional;FONARSEC;2014; 7 ; $ 57,885,247 ; $ 15,770,923 ;;
200;48;FITR;Fondo de Innovación Tecnológica Regional;FONARSEC;2015; 51 ; $ 557,102,514 ; $ 119,911,070 ;;
201;49;FITS y FTS;Fondo de Innovación Tecnológica Sectorial y Fondo Sectorial;FONARSEC;2012; 10 ; $ 134,899,463 ; $ 63,906,749 ;;
202;49;FITS y FTS;Fondo de Innovación Tecnológica Sectorial y Fondo Sectorial;FONARSEC;2013; 14 ; $ 154,886,738 ; $ 59,198,188 ;;
203;49;FITS y FTS;Fondo de Innovación Tecnológica Sectorial y Fondo Sectorial;FONARSEC;2014; 37 ; $ 704,066,449 ; $ 191,823,969 ;;
204;49;FITS y FTS;Fondo de Innovación Tecnológica Sectorial y Fondo Sectorial;FONARSEC;2015; 4 ; $ 75,328,530 ; $ 16,213,757 ;;
205;46;Fondo de Co-Inversión ACIE;Fondo de Co-Inversión ACIE (Córdoba) y la Agencia I+D+i;FONTAR;2021; 5 ; $ 4,830,125 ; $ 127,773 ;;
206;55;FS-Plataformas;Fondos Sectoriales (Plataformas);FONARSEC;2011; 13 ; $ 162,494,518 ; $ 94,157,412 ;;
207;56;FS-Productos y Servicios;Fondos Sectoriales (Productos y Servicios);FONARSEC;2011; 15 ; $ 94,138,505 ; $ 54,548,535 ;;
208;50;FONREBIO;Fondo de Regulación de Productos Biotecnológicos;FONTAR;2016; 2 ; $ 16,681,391 ; $ 2,544,308 ;;
209;50;FONREBIO;Fondo de Regulación de Productos Biotecnológicos;FONTAR;2018; 3 ; $ 29,646,260 ; $ 2,526,525 ;;
210;50;FONREBIO;Fondo de Regulación de Productos Biotecnológicos;FONTAR;2019; 1 ; $ 17,032,820 ; $ 972,936 ;;
211;51;FS BIO-Agrobiotecnología;Fondos Sectoriales Biotecnología (Agrobiotecnología);FONARSEC;2010; 3 ; $ 16,788,773 ; $ 12,034,184 ;;
212;52;FS BIO-Vacunas;Fondos Sectoriales Biotecnología (Vacunas);FONARSEC;2010; 3 ; $ 67,842,938 ; $ 48,629,783 ;;
213;53;FS NANO;Fondos Sectoriales Nanotecnología;FONARSEC;2010; 8 ; $ 75,464,362 ; $ 54,092,816 ;;
214;54;FS TICs;Fondos Sectoriales TICs;FONARSEC;2010; 4 ; $ 53,077,643 ; $ 38,046,027 ;;
215;77;G-Tec;Programa de Formación de Gerentes y Vinculadores Tecnológicos;FONARSEC;2009; 7 ; $ 19,354,307 ; $ 16,774,745 ;;
216;77;G-Tec;Programa de Formación de Gerentes y Vinculadores Tecnológicos;FONARSEC;2017; 10 ; $ 5,061,899 ; $ 612,715 ;;
217;60;IP-COVID 19;Ideas-Proyecto COVID-19;FONARSEC;2020; 16 ; $ 69,496,314 ; $ 2,833,955 ;;
218;61;IP-COVID 19;Ideas-Proyecto COVID-19;FONCYT;2020; 25 ; $ 106,562,150 ; $ 4,345,445 ;;
219;61;IP-COVID 19;Ideas-Proyecto COVID-19;FONCYT;2021;; $ 6,539,680 ; $ 172,997 ;;
220;62;IP-COVID 19;Ideas-Proyecto COVID-19;FONTAR;2020; 18 ; $ 96,228,244 ; $ 3,924,043 ;;
221;64;KITS COVID-19;KITS COVID-19 basados en antígenos;FONARSEC;2021; 7 ; $ 79,691,909 ; $ 2,108,119 ;;
223;39;Art.2 - Ley 23.877;Créditos para Modernización (Art 2 Reglamento Ley 23.877);FONTAR;2008; 54 ; $ 19,201,558 ; $ 19,201,558 ;;
224;39;Art.2 - Ley 23.877;Créditos para Modernización (Art 2 Reglamento Ley 23.877);FONTAR;2009; 49 ; $ 19,237,557 ; $ 16,673,556 ;;
225;39;Art.2 - Ley 23.877;Créditos para Modernización (Art 2 Reglamento Ley 23.877);FONTAR;2010; 96 ; $ 37,616,451 ; $ 26,963,453 ;;
226;39;Art.2 - Ley 23.877;Créditos para Modernización (Art 2 Reglamento Ley 23.877);FONTAR;2011; 114 ; $ 49,960,463 ; $ 28,949,579 ;;
227;39;Art.2 - Ley 23.877;Créditos para Modernización (Art 2 Reglamento Ley 23.877);FONTAR;2012; 86 ; $ 56,915,713 ; $ 26,963,029 ;;
228;39;Art.2 - Ley 23.877;Créditos para Modernización (Art 2 Reglamento Ley 23.877);FONTAR;2013; 131 ; $ 89,769,473 ; $ 34,310,169 ;;
229;39;Art.2 - Ley 23.877;Créditos para Modernización (Art 2 Reglamento Ley 23.877);FONTAR;2014; 107 ; $ 83,816,687 ; $ 22,835,983 ;;
230;39;Art.2 - Ley 23.877;Créditos para Modernización (Art 2 Reglamento Ley 23.877);FONTAR;2015; 115 ; $ 96,763,272 ; $ 20,827,383 ;;
231;39;Art.2 - Ley 23.877;Créditos para Modernización (Art 2 Reglamento Ley 23.877);FONTAR;2016; 59 ; $ 99,272,150 ; $ 15,141,362 ;;
232;39;Art.2 - Ley 23.877;Créditos para Modernización (Art 2 Reglamento Ley 23.877);FONTAR;2017; 61 ; $ 209,990,117 ; $ 25,418,143 ;;
233;39;Art.2 - Ley 23.877;Créditos para Modernización (Art 2 Reglamento Ley 23.877);FONTAR;2018; 171 ; $ 870,712,594 ; $ 74,204,200 ;;
234;39;Art.2 - Ley 23.877;Créditos para Modernización (Art 2 Reglamento Ley 23.877);FONTAR;2019; 91 ; $ 537,734,591 ; $ 30,716,072 ;;
235;39;Art.2 - Ley 23.877;Créditos para Modernización (Art 2 Reglamento Ley 23.877);FONTAR;2020; 58 ; $ 386,105,717 ; $ 15,744,812 ;;
236;39;Art.2 - Ley 23.877;Créditos para Modernización (Art 2 Reglamento Ley 23.877);FONTAR;2021; 51 ; $ 330,274,692 ; $ 8,736,877 ;;
237;66;Observatorio Fonsoft;Observatorio Fonsoft;FONSOFT;2008; 2 ; $ 280,693 ; $ 280,693 ;;
238;91;PAE;Proyectos en Áreas Estratégicas;FONCYT;2008; 20 ; $ 103,669,149 ; $ 103,669,149 ;;
239;91;PAE;Proyectos en Áreas Estratégicas;FONCYT;2009; 1 ; $ 11,181,195 ; $ 9,690,954 ;;
240;91;PAE;Proyectos en Áreas Estratégicas;FONCYT;2010;; $ 2,954,054 ; $ 2,117,464 ;;
241;82;PCE;Proyectos Concertados con Empresas;FONCYT;2018; 16 ; $ 62,065,648 ; $ 5,289,382 ;;
242;82;PCE;Proyectos Concertados con Empresas;FONCYT;2020;; $ 809,699 ; $ 33,018 ;;
243;82;PCE;Proyectos Concertados con Empresas;FONCYT;2021; 3 ; $ 95,048,444 ; $ 2,514,351 ;;
244;86;PICT;Proyectos de Investigación Científica y Tecnológica;FONCYT;2008; 659 ; $ 128,556,911 ; $ 128,556,911 ;;
245;86;PICT;Proyectos de Investigación Científica y Tecnológica;FONCYT;2009; 596 ; $ 121,148,337 ; $ 105,001,565 ;;
246;86;PICT;Proyectos de Investigación Científica y Tecnológica;FONCYT;2010; 9 ; $ 1,554,696 ; $ 1,114,405 ;;
247;86;PICT;Proyectos de Investigación Científica y Tecnológica;FONCYT;2011; 844 ; $ 170,655,040 ; $ 98,886,024 ;;
248;86;PICT;Proyectos de Investigación Científica y Tecnológica;FONCYT;2012; 683 ; $ 139,332,560 ; $ 66,006,867 ;;
249;86;PICT;Proyectos de Investigación Científica y Tecnológica;FONCYT;2013; 1,039 ; $ 227,356,514 ; $ 86,896,359 ;;
250;86;PICT;Proyectos de Investigación Científica y Tecnológica;FONCYT;2014; 1,001 ; $ 259,394,955 ; $ 70,672,548 ;;
251;86;PICT;Proyectos de Investigación Científica y Tecnológica;FONCYT;2015; 1,092 ; $ 384,632,614 ; $ 82,788,548 ;;
252;86;PICT;Proyectos de Investigación Científica y Tecnológica;FONCYT;2016; 1,198 ; $ 598,704,139 ; $ 91,316,606 ;;
253;86;PICT;Proyectos de Investigación Científica y Tecnológica;FONCYT;2017; 1,393 ; $ 722,487,432 ; $ 87,453,111 ;;
254;86;PICT;Proyectos de Investigación Científica y Tecnológica;FONCYT;2018; 1,246 ; $ 779,953,252 ; $ 66,469,473 ;;
255;86;PICT;Proyectos de Investigación Científica y Tecnológica;FONCYT;2019; 1,335 ; $ 1,049,872,794 ; $ 59,970,047 ;;
256;86;PICT;Proyectos de Investigación Científica y Tecnológica;FONCYT;2020; 1,362 ; $ 1,359,882,438 ; $ 55,453,965 ;;
257;86;PICT;Proyectos de Investigación Científica y Tecnológica;FONCYT;2021; 1,558 ; $ 2,204,957,567 ; $ 58,328,546 ;;
258;72;PICT Aplicados;PICT de Aplicación Intensiva (BCIE?);FONCYT;2021; 88 ; $ 943,463,932 ; $ 24,957,795 ;;
259;71;PICT CI;PICT Cooperación Internacional;FONCYT;2008; 5 ; $ 1,474,175 ; $ 1,474,175 ;;
260;71;PICT CI;PICT Cooperación Internacional;FONCYT;2009; 21 ; $ 4,815,496 ; $ 4,173,682 ;;
261;71;PICT CI;PICT Cooperación Internacional;FONCYT;2010; 2 ; $ 600,000 ; $ 430,080 ;;
262;84;PICT-E;PICT Equipamiento (Unidades Ejecutoras de PICT);FONCYT;2014; 146 ; $ 171,930,871 ; $ 46,842,826 ;;
263;75;PICT Start Up;PICT Start Up;FONCYT;2016; 26 ; $ 20,737,414 ; $ 3,162,948 ;;
264;75;PICT Start Up;PICT Start Up;FONCYT;2017; 21 ; $ 19,372,500 ; $ 2,344,934 ;;
265;75;PICT Start Up;PICT Start Up;FONCYT;2018; 21 ; $ 22,672,934 ; $ 1,932,241 ;;
266;75;PICT Start Up;PICT Start Up;FONCYT;2019; 19 ; $ 22,004,325 ; $ 1,256,915 ;;
267;75;PICT Start Up;PICT Start Up;FONCYT;2020; 39 ; $ 69,198,868 ; $ 2,821,826 ;;
268;75;PICT Start Up;PICT Start Up;FONCYT;2021; 34 ; $ 104,321,167 ; $ 2,759,646 ;;
269;76;PICT Valorización;PICT Valorización;FONCYT;2013; 17 ; $ 8,835,000 ; $ 3,376,764 ;;
270;76;PICT Valorización;PICT Valorización;FONCYT;2015;; $ 1,665,649 ; $ 358,515 ;;
271;76;PICT Valorización;PICT Valorización;FONCYT;2016;; $ 1,630,218 ; $ 248,647 ;;
272;76;PICT Valorización;PICT Valorización;FONCYT;2017;; $ 3,842,005 ; $ 465,053 ;;
273;76;PICT Valorización;PICT Valorización;FONCYT;2018;; $ 146,500 ; $ 12,485 ;;
274;84;PICT-E;PICT Equipamiento (Unidades Ejecutoras de PICT);FONCYT;2020; 212 ; $ 631,961,383 ; $ 25,770,437 ;;
275;73;PICT-O;PICT Orientados;FONCYT;2008; 53 ; $ 6,377,237 ; $ 6,377,237 ;;
276;73;PICT-O;PICT Orientados;FONCYT;2009; 34 ; $ 5,190,708 ; $ 4,498,885 ;;
277;73;PICT-O;PICT Orientados;FONCYT;2010; 56 ; $ 6,069,949 ; $ 4,350,936 ;;
278;73;PICT-O;PICT Orientados;FONCYT;2011; 112 ; $ 23,210,211 ; $ 13,449,151 ;;
279;73;PICT-O;PICT Orientados;FONCYT;2012; 85 ; $ 8,333,778 ; $ 3,948,012 ;;
280;73;PICT-O;PICT Orientados;FONCYT;2013; 36 ; $ 4,325,073 ; $ 1,653,056 ;;
281;73;PICT-O;PICT Orientados;FONCYT;2014; 13 ; $ 11,159,153 ; $ 3,040,328 ;;
282;73;PICT-O;PICT Orientados;FONCYT;2015; 20 ; $ 2,930,925 ; $ 630,854 ;;
283;73;PICT-O;PICT Orientados;FONCYT;2017; 72 ; $ 25,420,897 ; $ 3,077,059 ;;
284;73;PICT-O;PICT Orientados;FONCYT;2018; 37 ; $ 6,530,556 ; $ 556,550 ;;
285;73;PICT-O;PICT Orientados;FONCYT;2019; 25 ; $ 6,521,883 ; $ 372,538 ;;
286;73;PICT-O;PICT Orientados;FONCYT;2020; 60 ; $ 24,745,795 ; $ 1,009,096 ;;
287;74;PICTO-COVID;PICT Orientado COVID;FONCYT;2021; 16 ; $ 141,163,487 ; $ 3,734,249 ;;
288;87;PID;Proyectos de Investigación y Desarrollo;FONCYT;2008; 13 ; $ 3,264,534 ; $ 3,264,534 ;;
289;87;PID;Proyectos de Investigación y Desarrollo;FONCYT;2009; 7 ; $ 9,909,015 ; $ 8,588,331 ;;
290;87;PID;Proyectos de Investigación y Desarrollo;FONCYT;2010; 3 ; $ 1,551,492 ; $ 1,112,109 ;;
291;87;PID;Proyectos de Investigación y Desarrollo;FONCYT;2011; 7 ; $ 7,274,276 ; $ 4,215,078 ;;
292;87;PID;Proyectos de Investigación y Desarrollo;FONCYT;2012; 9 ; $ 8,004,533 ; $ 3,792,036 ;;
293;87;PID;Proyectos de Investigación y Desarrollo;FONCYT;2013; 8 ; $ 12,527,911 ; $ 4,788,206 ;;
294;87;PID;Proyectos de Investigación y Desarrollo;FONCYT;2014; 12 ; $ 20,016,975 ; $ 5,453,655 ;;
295;87;PID;Proyectos de Investigación y Desarrollo;FONCYT;2015; 17 ; $ 23,350,102 ; $ 5,025,890 ;;
296;87;PID;Proyectos de Investigación y Desarrollo;FONCYT;2016; 4 ; $ 5,879,466 ; $ 896,758 ;;
297;87;PID;Proyectos de Investigación y Desarrollo;FONCYT;2017; 10 ; $ 17,245,016 ; $ 2,087,414 ;;
298;87;PID;Proyectos de Investigación y Desarrollo;FONCYT;2019; 5 ; $ 8,795,002 ; $ 502,382 ;;
299;87;PID;Proyectos de Investigación y Desarrollo;FONCYT;2021; 4 ; $ 12,539,602 ; $ 331,715 ;;
300;88;PID CLINICOS;Proyectos de Investigación y Desarrollos Clínicos;FONCYT;2016; 3 ; $ 5,923,076 ; $ 903,410 ;;
301;88;PID CLINICOS;Proyectos de Investigación y Desarrollos Clínicos;FONCYT;2017; 4 ; $ 7,986,626 ; $ 966,737 ;;
302;88;PID CLINICOS;Proyectos de Investigación y Desarrollos Clínicos;FONCYT;2018; 5 ; $ 9,420,546 ; $ 802,841 ;;
303;88;PID CLINICOS;Proyectos de Investigación y Desarrollos Clínicos;FONCYT;2019; 6 ; $ 11,498,800 ; $ 656,826 ;;
304;88;PID CLINICOS;Proyectos de Investigación y Desarrollos Clínicos;FONCYT;2020; 3 ; $ 5,997,000 ; $ 244,549 ;;
305;88;PID CLINICOS;Proyectos de Investigación y Desarrollos Clínicos;FONCYT;2021; 1 ; $ 2,000,000 ; $ 52,907 ;;
306;81;PISAC COVID-19;Proyectos asociativos de investigaciónen Ciencias Sociales y Humanas  COVID-19;FONCYT;2020; 19 ; $ 96,674,441 ; $ 3,942,239 ;;
307;93;PI-TEC;Proyectos Integrados de Aglomerados Productivos;FONTAR;2008; 8 ; $ 72,247,496 ; $ 72,247,496 ;;
308;93;PI-TEC;Proyectos Integrados de Aglomerados Productivos;FONTAR;2009; 2 ; $ 15,603,380 ; $ 13,523,746 ;;
309;93;PI-TEC;Proyectos Integrados de Aglomerados Productivos;FONTAR;2010;; $ 3,076,664 ; $ 2,205,351 ;;
310;93;PI-TEC;Proyectos Integrados de Aglomerados Productivos;FONTAR;2013;; $ 440,363 ; $ 168,308 ;;
311;89;PME;Proyectos de Modernización de Equipamiento;FONCYT;2008; 121 ; $ 65,800,302 ; $ 65,800,302 ;;
312;89;PME;Proyectos de Modernización de Equipamiento;FONCYT;2009;; $ 200,000 ; $ 173,344 ;;
313;89;PME;Proyectos de Modernización de Equipamiento;FONCYT;2016; 86 ; $ 681,194,493 ; $ 103,898,345 ;;
314;89;PME;Proyectos de Modernización de Equipamiento;FONCYT;2020;; $ 99,354,045 ; $ 4,051,509 ;;
315;89;PME;Proyectos de Modernización de Equipamiento;FONCYT;2021;; $ 513,101,427 ; $ 13,573,259 ;;
316;90;PPL;Proyectos de Plataformas Tecnológicas;FONCYT;2011; 4 ; $ 31,683,398 ; $ 18,358,938 ;;
317;90;PPL;Proyectos de Plataformas Tecnológicas;FONCYT;2012; 9 ; $ 68,886,036 ; $ 32,633,804 ;;
318;90;PPL;Proyectos de Plataformas Tecnológicas;FONCYT;2014; 2 ; $ 30,771,032 ; $ 8,383,614 ;;
319;90;PPL;Proyectos de Plataformas Tecnológicas;FONCYT;2016;; $ 2,172,222 ; $ 331,315 ;;
320;83;PRAMIN;Proyectos de Adecuación y/o Mejora de Infraestructura;FONCYT;2008; 163 ; $ 31,211,946 ; $ 31,211,946 ;;
321;79;PRH;Programa de Recursos Humanos;FONCYT;2008; 77 ; $ 124,008,622 ; $ 124,008,622 ;;
322;79;PRH;Programa de Recursos Humanos;FONCYT;2009; 1 ; $ 2,559,550 ; $ 2,218,411 ;;
323;79;PRH;Programa de Recursos Humanos;FONCYT;2010;; $ 3,526,705 ; $ 2,527,940 ;;
324;79;PRH;Programa de Recursos Humanos;FONCYT;2011; 39 ; $ 7,105,000 ; $ 4,116,991 ;;
325;79;PRH;Programa de Recursos Humanos;FONCYT;2012; 3 ; $ 960,350 ; $ 454,952 ;;
326;79;PRH;Programa de Recursos Humanos;FONCYT;2013; 15 ; $ 6,171,000 ; $ 2,358,575 ;;
327;79;PRH;Programa de Recursos Humanos;FONCYT;2014; 13 ; $ 6,457,961 ; $ 1,759,481 ;;
328;79;PRH;Programa de Recursos Humanos;FONCYT;2015; 16 ; $ 7,983,000 ; $ 1,718,266 ;;
329;79;PRH;Programa de Recursos Humanos;FONCYT;2016; 2 ; $ 1,640,000 ; $ 250,139 ;;
330;79;PRH;Programa de Recursos Humanos;FONCYT;2017; 11 ; $ 9,269,996 ; $ 1,122,082 ;;
331;80;PRH - PIDRI;Programa de Recursos Humanos - Radicación de Investigadores en Áreas Tecnológicas Prioritarias;FONCYT;2018; 14 ; $ 12,029,833 ; $ 1,025,211 ;;
332;80;PRH - PIDRI;Programa de Recursos Humanos - Radicación de Investigadores en Áreas Tecnológicas Prioritarias;FONCYT;2019; 8 ; $ 7,447,380 ; $ 425,404 ;;
333;80;PRH - PIDRI;Programa de Recursos Humanos - Radicación de Investigadores en Áreas Tecnológicas Prioritarias;FONCYT;2021; 4 ; $ 28,692,147 ; $ 759,004 ;;
334;85;PRIETEC;Proyectos de Readecuación de Infraestructura y Equipamiento Tecnológico;FONARSEC;2009; 44 ; $ 85,332,796 ; $ 73,959,555 ;;
335;85;PRIETEC;Proyectos de Readecuación de Infraestructura y Equipamiento Tecnológico;FONARSEC;2010; 7 ; $ 10,433,954 ; $ 7,479,053 ;;
336;85;PRIETEC;Proyectos de Readecuación de Infraestructura y Equipamiento Tecnológico;FONARSEC;2012;; $ 9,275,392 ; $ 4,394,088 ;;
337;85;PRIETEC;Proyectos de Readecuación de Infraestructura y Equipamiento Tecnológico;FONARSEC;2013;; $ 1,828,053 ; $ 698,687 ;;
338;85;PRIETEC;Proyectos de Readecuación de Infraestructura y Equipamiento Tecnológico;FONARSEC;2014; 13 ; $ 12,664,161 ; $ 3,450,370 ;;
339;85;PRIETEC;Proyectos de Readecuación de Infraestructura y Equipamiento Tecnológico;FONARSEC;2015;; $ 5,539,406 ; $ 1,192,305 ;;
340;67;PE - PPM;PE en Producción Pública de Medicamentos;FONARSEC;2021; 18 ; $ 795,522,142 ; $ 21,044,237 ;;
341;92;PE;Proyectos Estratégicos ;FONARSEC;2017; 11 ; $ 245,793,812 ; $ 29,751,983 ;;
342;92;PE;Proyectos Estratégicos ;FONARSEC;2018; 3 ; $ 35,545,190 ; $ 3,029,246 ;;
343;92;PE;Proyectos Estratégicos ;FONARSEC;2019; 2 ; $ 85,443,020 ; $ 4,880,612 ;;
344;94;RC;Reuniones Científicas;FONCYT;2008; 294 ; $ 2,606,649 ; $ 2,606,649 ;;
345;94;RC;Reuniones Científicas;FONCYT;2009; 314 ; $ 2,489,210 ; $ 2,157,446 ;;
346;94;RC;Reuniones Científicas;FONCYT;2010; 323 ; $ 3,487,186 ; $ 2,499,613 ;;
347;94;RC;Reuniones Científicas;FONCYT;2011; 208 ; $ 3,614,994 ; $ 2,094,707 ;;
348;94;RC;Reuniones Científicas;FONCYT;2012; 222 ; $ 3,982,516 ; $ 1,886,662 ;;
349;94;RC;Reuniones Científicas;FONCYT;2013; 228 ; $ 4,037,884 ; $ 1,543,292 ;;
350;94;RC;Reuniones Científicas;FONCYT;2014; 227 ; $ 3,489,789 ; $ 950,798 ;;
351;94;RC;Reuniones Científicas;FONCYT;2015; 230 ; $ 5,116,789 ; $ 1,101,341 ;;
352;94;RC;Reuniones Científicas;FONCYT;2016; 228 ; $ 6,465,746 ; $ 986,180 ;;
353;94;RC;Reuniones Científicas;FONCYT;2017; 214 ; $ 7,955,040 ; $ 962,914 ;;
354;94;RC;Reuniones Científicas;FONCYT;2018; 241 ; $ 10,672,726 ; $ 909,555 ;;
355;94;RC;Reuniones Científicas;FONCYT;2019; 143 ; $ 6,123,551 ; $ 349,785 ;;
356;94;RC;Reuniones Científicas;FONCYT;2021; 218 ; $ 21,906,426 ; $ 579,499 ;;
357;95;RC TIC;Reuniones Científicas TIC;FONSOFT;2009; 11 ; $ 277,643 ; $ 240,638 ;;
358;95;RC TIC;Reuniones Científicas TIC;FONSOFT;2010; 15 ; $ 335,678 ; $ 240,614 ;;
359;95;RC TIC;Reuniones Científicas TIC;FONSOFT;2011; 14 ; $ 335,072 ; $ 194,157 ;;
360;95;RC TIC;Reuniones Científicas TIC;FONSOFT;2012; 10 ; $ 295,970 ; $ 140,212 ;;
361;95;RC TIC;Reuniones Científicas TIC;FONSOFT;2013; 19 ; $ 537,570 ; $ 205,461 ;;
362;95;RC TIC;Reuniones Científicas TIC;FONSOFT;2014; 26 ; $ 902,300 ; $ 245,833 ;;
363;95;RC TIC;Reuniones Científicas TIC;FONSOFT;2015; 12 ; $ 483,500 ; $ 104,069 ;;
364;95;RC TIC;Reuniones Científicas TIC;FONSOFT;2016; 24 ; $ 1,592,766 ; $ 242,935 ;;
365;95;RC TIC;Reuniones Científicas TIC;FONSOFT;2017; 15 ; $ 550,833 ; $ 66,675 ;;
366;95;RC TIC;Reuniones Científicas TIC;FONSOFT;2018; 15 ; $ 1,261,500 ; $ 107,508 ;;
367;95;RC TIC;Reuniones Científicas TIC;FONSOFT;2019; 10 ; $ 1,022,500 ; $ 58,406 ;;
368;19;ANR RRHH AC;ANR Recursos Humanos Altamente Capacitados;FONTAR;2011; 9 ; $ 2,787,755 ; $ 1,615,364 ;;
369;19;ANR RRHH AC;ANR Recursos Humanos Altamente Capacitados;FONTAR;2012; 19 ; $ 4,834,638 ; $ 2,290,343 ;;
370;19;ANR RRHH AC;ANR Recursos Humanos Altamente Capacitados;FONTAR;2013; 17 ; $ 6,178,789 ; $ 2,361,552 ;;
371;19;ANR RRHH AC;ANR Recursos Humanos Altamente Capacitados;FONTAR;2014; 21 ; $ 8,157,961 ; $ 2,222,649 ;;
372;19;ANR RRHH AC;ANR Recursos Humanos Altamente Capacitados;FONTAR;2015; 14 ; $ 6,394,223 ; $ 1,376,296 ;;
373;19;ANR RRHH AC;ANR Recursos Humanos Altamente Capacitados;FONTAR;2016; 8 ; $ 5,719,685 ; $ 872,388 ;;
374;19;ANR RRHH AC;ANR Recursos Humanos Altamente Capacitados;FONTAR;2017; 16 ; $ 16,832,093 ; $ 2,037,432 ;;
375;19;ANR RRHH AC;ANR Recursos Humanos Altamente Capacitados;FONTAR;2019; 4 ; $ 15,461,691 ; $ 883,191 ;;
376;96;SNBDB;Sistema Nacional de Datos Biológicos;FONCYT;2010; 1 ; $ 224,443 ; $ 160,881 ;;
377;97;SNM;Sistema Nacional de Microscopía;FONCYT;2009; 19 ; $ 1,230,519 ; $ 1,066,514 ;;
378;97;SNM;Sistema Nacional de Microscopía;FONCYT;2010; 10 ; $ 447,641 ; $ 320,869 ;;
379;98;SNRM;Sistema Nacional de Resonancia Magnética;FONCYT;2010; 1 ; $ 115,000 ; $ 82,432 ;;
380;26;ARSET;Aportes reembolsables para Prestación y Consolidación de Servicios Tecnológicos;FONTAR;2012; 4 ; $ 16,437,059 ; $ 7,786,829 ;;
381;32;CC;Certificados de calificación (beneficios fiscales);FONCYT;2014; 5 ;;;;
382;32;CC;Certificados de calificación (beneficios fiscales);FONCYT;2015; 15 ;;;;
383;32;CC;Certificados de calificación (beneficios fiscales);FONCYT;2013; 8 ;;;;
384;32;CC;Certificados de calificación (beneficios fiscales);FONCYT;2012; 13 ;;;;
385;42;EBT COVID-19;Empresas de Base Tecnológica COVID-19;FONARSEC;2020; 6 ; $ 59,557,910 ; $ 2,428,682 ;;
386;60;IP-COVID 19;Ideas-Proyecto COVID-19;FONARSEC;2021;; $ 2,838,804 ; $ 75,096 ;;
387;65;KITS COVID-19 EyE;KITS COVID-19 Escalamiento y exportación;FONARSEC;2020; 2 ; $ 19,939,147 ; $ 813,088 ;;
388;92;PE;Proyectos Estratégicos ;FONARSEC;2020;; $ 10,019,080 ; $ 408,563 ;;
389;82;PCE;Proyectos Concertados con Empresas;FONCYT;2022;; $ 3,481,892 ; $ 54,282 ;;
390;86;PICT;Proyectos de Investigación Científica y Tecnológica;FONCYT;2022; 1,519 ; $ 5,551,240,526 ; $ 86,543,206 ;;
391;69;PICT Aplicados Cat I y II;PICT Aplicados Cat I y II;FONCYT;2022; 90 ; $ 1,255,856,747 ; $ 19,578,663 ;;
392;75;PICT Start Up;PICT Start Up;FONCYT;2022; 6 ; $ 181,373,862 ; $ 2,827,598 ;;
393;84;PICT-E;PICT Equipamiento (Unidades Ejecutoras de PICT);FONCYT;2022;; $ 38,050,898 ; $ 593,209 ;;
394;73;PICT-O;PICT Orientados;FONCYT;2022; 72 ; $ 313,393,504 ; $ 4,885,769 ;;
395;87;PID;Proyectos de Investigación y Desarrollo;FONCYT;2022; 3 ; $ 15,960,000 ; $ 248,815 ;;
396;81;PISAC COVID-19;Proyectos asociativos de investigaciónen Ciencias Sociales y Humanas  COVID-19;FONCYT;2022;; $ 10,473,865 ; $ 163,286 ;;
397;89;PME;Proyectos de Modernización de Equipamiento;FONCYT;2022;; $ 11,930,000 ; $ 185,987 ;;
398;80;PRH - PIDRI;Programa de Recursos Humanos - Radicación de Investigadores en Áreas Tecnológicas Prioritarias;FONCYT;2022;; $ 2,206,561 ; $ 34,400 ;;
399;78;P Mov Fed;Programa de Movilidad Federal;FONCYT;2022; 63 ; $ 35,426,349 ; $ 552,293 ;;
400;94;RC;Reuniones Científicas;FONCYT;2022; 140 ; $ 27,513,577 ; $ 428,934 ;;
401;27;AADTI;Argentina Armónica con Desarrollo Tecnológico e Innovación;FONTAR;2022; 4 ; $ 96,816,973 ; $ 1,509,366 ;;
402;1;ANR + AR;Aportes no reembolsables + Aportes reembolsables;FONTAR;2022; 6 ; $ 68,232,323 ; $ 1,063,734 ;;
403;5;ANR ASOC;ANR Asociativos;FONTAR;2022; 3 ; $ 87,807,538 ; $ 1,368,909 ;;
404;7;ANR Capacidades;ANR Capacidades;FONTAR;2022; 52 ; $ 1,257,863,807 ; $ 19,609,953 ;;
405;13;ANR INT;ANR Internacional;FONTAR;2022; 3 ; $ 33,188,032 ; $ 517,398 ;;
406;17;ANR PDT;ANR Proyectos de Desarrollo Tecnológico;FONTAR;2022; 170 ; $ 2,774,371,197 ; $ 43,252,130 ;;
407;19;ANR RRHH AC;ANR Recursos Humanos Altamente Capacitados;FONTAR;2022; 14 ; $ 93,629,237 ; $ 1,459,669 ;;
408;24;AR;Aportes reembolsables;FONTAR;2022; 52 ; $ 1,857,432,864 ; $ 28,957,166 ;;
409;26;ARSET;Aportes reembolsables para Prestación y Consolidación de Servicios Tecnológicos;FONTAR;2022; 1 ; $ 82,843,728 ; $ 1,291,524 ;;
410;4;ANR ASIS-Teci;ANR Asistencias Tecnológicas Individuales;FONTAR;2022; 8 ; $ 7,569,548 ; $ 118,008 ;;
411;31;CEN-TEC;Centros de Desarrollo Tecnológico;FONTAR;2022; 3 ; $ 2,820,097,516 ; $ 43,964,998 ;;
412;47;Fondo de Co-Inversión con provincias;Fondo de Co-Inversión con provincias;FONTAR;2022; 54 ; $ 295,847,684 ; $ 4,612,232 ;;
413;39;Art.2 - Ley 23.877;Créditos para Modernización (Art 2 Reglamento Ley 23.877);FONTAR;2022; 76 ; $ 562,943,882 ; $ 8,776,231 ;;
414;99;Tecnotecas;Tecnotecas;FONTAR;2022; 1 ; $ 500,000,000 ; $ 7,794,943 ;;
415;33;CPI;Compras Públicas Innovadoras;FONARSEC;2022; 1 ; $ 32,695,000 ; $ 509,711 ;;
416;65;KITS COVID-19 EyE;KITS COVID-19 Escalamiento y exportación;FONARSEC;2022;; $ 1,988,000 ; $ 30,993 ;;
417;67;PE - PPM;PE en Producción Pública de Medicamentos;FONARSEC;2022; 1 ; $ 65,000,000 ; $ 1,013,343 ;;
418;68;PE - TE;PE en Transición Energética;FONARSEC;2022; 13 ; $ 1,168,782,102 ; $ 18,221,180 ;;
419;70;PICT Aplicados Cat III;PICT Aplicados Cat III;FONARSEC;2022; 27 ; $ 967,223,862 ; $ 15,078,910 ;;
420;45;VACUNAS AR Ensayos in vivo;Ensayos in vivo de vacunas;FONARSEC;2022;; $ 1,107,123,850 ; $ 17,259,934 ;;
421;67;PE - PPM;PE en Producción Pública de Medicamentos;FONARSEC;2023;; $ 146,206,350 ; $ 969,471 ;;
422;33;CPI;Compras Públicas Innovadoras;FONARSEC;2023; 3 ; $ 95,492,000 ; $ 633,192 ;;
423;101;PASN;Promoción de la Alimentación Saludable y Nutritiva;FONARSEC;2023; 22 ; $ 1,420,158,277 ; $ 9,416,841 ;;
424;102;TT;Talleres Tecnológicos;FONARSEC;2023; 17 ; $ 160,804,750 ; $ 1,066,270 ;;
425;44;EMPRETECNO PAEBT ;Programa de impulso a las Empresas de Base Tecnológica;FONARSEC;2023; 27 ; $ 1,550,896,898 ; $ 10,283,748 ;;
426;17;ANR PDT;ANR Proyectos de Desarrollo Tecnológico;FONTAR;2023; 131 ; $ 3,385,656,588 ; $ 22,449,744 ;;
427;45;VACUNAS AR Ensayos in vivo;Ensayos in vivo de vacunas;FONARSEC;2023;; $ 521,548,796 ; $ 3,458,306 ;;
428;7;ANR Capacidades;ANR Capacidades;FONTAR;2023; 182 ; $ 6,122,119,131 ; $ 40,594,787 ;;
429;24;AR;Aportes reembolsables;FONTAR;2023; 20 ; $ 808,066,494 ; $ 5,358,159 ;;
430;26;ARSET;Aportes reembolsables para Prestación y Consolidación de Servicios Tecnológicos;FONTAR;2023; 5 ; $ 514,240,883 ; $ 3,409,849 ;;
431;38;CRE+CO;Créditos para Mejora de Competitividad;FONTAR;2023; 49 ; $ 3,843,687,587 ; $ 25,486,874 ;;
432;99;Tecnotecas;Tecnotecas;FONTAR;2023; 4 ; $ 1,999,348,208 ; $ 13,257,356 ;;
433;13;ANR INT;ANR Internacional;FONTAR;2023; 4 ; $ 66,999,615 ; $ 444,264 ;;
434;39;Art.2 - Ley 23.877;Créditos para Modernización (Art 2 Reglamento Ley 23.877);FONTAR;2023; 88 ; $ 1,354,883,473 ; $ 8,984,014 ;;
435;47;Fondo de Co-Inversión con provincias;Fondo de Co-Inversión con provincias;FONTAR;2023; 45 ; $ 540,774,051 ; $ 3,585,786 ;;
436;19;ANR RRHH AC;ANR Recursos Humanos Altamente Capacitados;FONTAR;2023; 3 ; $ 19,012,500 ; $ 126,069 ;;
437;103;ANR ASIS-Form;ANR Asistencia Formuladores (Provincias);FONTAR;2023; 4 ; $ 3,450,000 ; $ 22,876 ;;
438;104;ANR Coop;ANR Cooperativas;FONTAR;2023; 16 ; $ 143,254,339 ; $ 949,896 ;;
439;105;Tecnotecas II;Tecnotecas Ejecución;FONTAR;2023; 1 ; $ 15,000,000 ; $ 99,463 ;;
440;5;ANR ASOC;ANR Asociativos;FONTAR;2023; 2 ; $ 53,166,890 ; $ 352,541 ;;
441;4;ANR ASIS-TECi;ANR Asistencias Tecnológicas Individuales;FONTAR;2023; 5 ; $ 5,196,000 ; $ 34,454 ;;
442;3;ANR ASIS-TECg;ANR Asistencias Tecnológicas Grupales;FONTAR;2023; 1 ; $ 10,524,000 ; $ 69,783 ;;
443;106;CENDES-ST;CENDES-ST;FONTAR;2023; 2 ; $ 1,860,920,704 ; $ 12,339,466 ;;
444;107;ANR NANOBIOTEC;ANR NANOBIOTEC;FONTAR;2023; 2 ; $ 309,217,769 ; $ 2,050,373 ;;
445;108;Venture Capital;Fortalecimiento de la actividad emprendedora - Venture Capital (USD 1.642.500);FONTAR;2023; 1 ; $ 626,301,675 ; $ 4,152,906 ;;
446;73;PICT-O;PICT Orientados;FONCYT;2023; 120 ; $ 364,741,871 ; $ 2,418,545 ;;
447;86;PICT;Proyectos de Investigación Científica y Tecnológica;FONCYT;2023; 1,574 ; $ 9,630,584,236 ; $ 63,858,855 ;;
448;80;PRH - PIDRI;Programa de Recursos Humanos - Radicación de Investigadores en Áreas Tecnológicas Prioritarias;FONCYT;2021; 1 ; $ 1,999,998 ; $ 52,907 ;;
449;109;PICTO-UCTH;PICTO Unidades de Conocimiento Traslacional Hospitalarias;FONCYT;2023; 9 ; $ 186,929,973 ; $ 1,239,503 ;;
450;78;P Mov Fed;Programa de Movilidad Federal;FONCYT;2023; 55 ; $ 66,964,423 ; $ 444,030 ;;
451;75;PICT Start Up;PICT Start Up;FONCYT;2023; 12 ; $ 173,730,000 ; $ 1,151,976 ;;
452;87;PID;Proyectos de Investigación y Desarrollo;FONCYT;2023; 3 ; $ 50,630,000 ; $ 335,719 ;;
453;84;PICT-E;PICT Equipamiento (Unidades Ejecutoras de PICT);FONCYT;2023; 194 ; $ 3,414,450,010 ; $ 22,640,669 ;;
454;110;PICT Raíces Federal;PICT Raíces Federal;FONCYT;2023; 4 ; $ 56,992,000 ; $ 377,905 ;;
455;94;RC;Reuniones Científicas;FONCYT;2023; 381 ; $ 385,588,846 ; $ 2,556,778 ;;
456;111;PICT Radicación;PICT Radicación;FONCYT;2023; 5 ; $ 69,996,000 ; $ 464,132 ;;
457;88;PID CLINICOS;Proyectos de Investigación y Desarrollos Clínicos;FONCYT;2023; 6 ; $ 150,000,000 ; $ 994,626 ;;
;;;;;;;;;;
